length,freq,item,resp
l4,lf,seau,o
l4,lf,amen,o
l4,lf,ring,o
l4,lf,vase,o
l4,lf,mont,o
l4,lf,sons,o
l4,lf,cire,o
l4,lf,lacs,o
l4,lf,vues,o
l4,lf,boxe,o
l4,lf,clou,o
l4,lf,girl,o
l4,lf,char,o
l4,lf,paye,o
l4,lf,dodo,o
l4,lf,boum,o
l4,lf,sire,o
l4,lf,sève,o
l4,lf,noce,o
l4,lf,grue,o
l4,lf,oies,o
l4,lf,gale,o
l4,lf,once,o
l4,lf,arts,o
l4,lf,aire,o
l4,lf,rien,o
l4,lf,mers,o
l4,lf,tôle,o
l4,lf,îles,o
l4,lf,yang,o
l4,lf,sida,o
l4,lf,héro,o
l4,lf,scie,o
l4,lf,pots,o
l4,lf,lutz,o
l4,lf,tram,o
l4,lf,soda,o
l4,lf,trac,o
l4,lf,nazi,o
l4,lf,fers,o
l4,lf,raté,o
l4,lf,ruse,o
l4,lf,trip,o
l4,lf,sage,o
l4,lf,nerf,o
l4,hf,amis,o
l4,hf,camp,o
l4,hf,chef,o
l4,hf,papa,o
l4,hf,soir,o
l4,hf,fois,o
l4,hf,bras,o
l4,hf,fric,o
l4,hf,bois,o
l4,hf,peur,o
l4,hf,mort,o
l4,hf,gars,o
l4,hf,part,o
l4,hf,plan,o
l4,hf,avis,o
l4,hf,pied,o
l4,hf,face,o
l4,hf,film,o
l4,hf,truc,o
l4,hf,ciel,o
l4,hf,aide,o
l4,hf,mots,o
l4,hf,mois,o
l4,hf,pays,o
l4,hf,état,o
l4,hf,fait,o
l4,hf,café,o
l4,hf,côté,o
l4,hf,paix,o
l4,hf,main,o
l4,hf,jour,o
l4,hf,yeux,o
l4,hf,type,o
l4,hf,tour,o
l4,hf,bébé,o
l4,hf,arme,o
l4,hf,fils,o
l4,hf,père,o
l4,hf,idée,o
l4,hf,tête,o
l4,hf,sang,o
l4,hf,coup,o
l4,hf,sens,o
l4,hf,voix,o
l4,hf,mari,o
l6,lf,avenue,o
l6,lf,audace,o
l6,lf,revers,o
l6,lf,voyous,o
l6,lf,estime,o
l6,lf,armées,o
l6,lf,poumon,o
l6,lf,morgue,o
l6,lf,légion,o
l6,lf,fraise,o
l6,lf,bougie,o
l6,lf,poivre,o
l6,lf,peigne,o
l6,lf,hangar,o
l6,lf,labeur,o
l6,lf,poètes,o
l6,lf,pinces,o
l6,lf,poteau,o
l6,lf,bunker,o
l6,lf,arabes,o
l6,lf,taudis,o
l6,lf,agenda,o
l6,lf,caviar,o
l6,lf,simple,o
l6,lf,canyon,o
l6,lf,barman,o
l6,lf,bridge,o
l6,lf,brosse,o
l6,lf,thorax,o
l6,lf,indien,o
l6,lf,faucon,o
l6,lf,spider,o
l6,lf,poings,o
l6,lf,bagues,o
l6,lf,pétard,o
l6,lf,partis,o
l6,lf,fracas,o
l6,lf,gringo,o
l6,lf,renard,o
l6,lf,marbre,o
l6,lf,phares,o
l6,lf,gibier,o
l6,lf,faille,o
l6,lf,tomate,o
l6,lf,jetons,o
l6,hf,partie,o
l6,hf,guerre,o
l6,hf,hommes,o
l6,hf,retour,o
l6,hf,numéro,o
l6,hf,soleil,o
l6,hf,madame,o
l6,hf,propos,o
l6,hf,chance,o
l6,hf,police,o
l6,hf,argent,o
l6,hf,putain,o
l6,hf,bateau,o
l6,hf,maison,o
l6,hf,revoir,o
l6,hf,bureau,o
l6,hf,minute,o
l6,hf,gueule,o
l6,hf,équipe,o
l6,hf,vérité,o
l6,hf,retard,o
l6,hf,compte,o
l6,hf,peuple,o
l6,hf,erreur,o
l6,hf,moment,o
l6,hf,heures,o
l6,hf,maître,o
l6,hf,femmes,o
l6,hf,prison,o
l6,hf,lettre,o
l6,hf,voyage,o
l6,hf,boulot,o
l6,hf,accord,o
l6,hf,espèce,o
l6,hf,filles,o
l6,hf,patron,o
l6,hf,années,o
l6,hf,besoin,o
l6,hf,enfant,o
l6,hf,garçon,o
l6,hf,chemin,o
l6,hf,raison,o
l6,hf,visage,o
l6,hf,choses,o
l6,hf,esprit,o
4,pw,pres,e
4,pw,stai,e
4,pw,tera,e
4,pw,cesé,e
4,pw,clai,e
4,pw,rere,e
4,pw,ôces,e
4,pw,stes,e
4,pw,dere,e
4,pw,amre,e
4,pw,ters,e
4,pw,pora,e
4,pw,hans,e
4,pw,habé,e
4,pw,cole,e
4,pw,exré,e
4,pw,crul,e
4,pw,cant,e
4,pw,hant,e
4,pw,qien,e
4,pw,ates,e
4,pw,vera,e
4,pw,atem,e
4,pw,glax,e
4,pw,flêt,e
4,pw,stra,e
4,pw,pnez,e
4,pw,pnos,e
4,pw,sere,e
4,pw,tere,e
4,pw,smer,e
4,pw,pnop,e
4,pw,hara,e
4,pw,pnât,e
4,pw,goom,e
4,pw,sten,e
4,pw,qice,e
4,pw,mait,e
4,pw,haid,e
4,pw,atte,e
4,pw,rous,e
4,pw,uvec,e
4,pw,teur,e
4,pw,mège,e
4,pw,êces,e
4,pw,tens,e
4,pw,pren,e
4,pw,arit,e
4,pw,qole,e
4,pw,oque,e
4,pw,stis,e
4,pw,vaid,e
4,pw,efsé,e
4,pw,esré,e
4,pw,alai,e
4,pw,réas,e
4,pw,amge,e
4,pw,zair,e
4,pw,trit,e
4,pw,psus,e
4,pw,ruif,e
4,pw,vens,e
4,pw,atie,e
4,pw,pnel,e
4,pw,mora,e
4,pw,vere,e
4,pw,mèra,e
4,pw,aste,e
4,pw,stre,e
4,pw,essé,e
4,pw,édri,e
4,pw,seme,e
4,pw,exné,e
4,pw,brai,e
4,pw,pent,e
4,pw,glip,e
4,pw,pnes,e
4,pw,stêt,e
4,pw,pnud,e
4,pw,plit,e
4,pw,zaim,e
4,pw,stin,e
4,pw,asré,e
4,pw,pous,e
4,pw,blût,e
4,pw,sqid,e
4,pw,amce,e
4,pw,cate,e
4,pw,prid,e
4,pw,pere,e
6,pw,nonigr,e
6,pw,utions,e
6,pw,dimiva,e
6,pw,chluce,e
6,pw,cluile,e
6,pw,alvant,e
6,pw,rioche,e
6,pw,falman,e
6,pw,sotait,e
6,pw,macime,e
6,pw,jamcer,e
6,pw,desait,e
6,pw,chlues,e
6,pw,pavése,e
6,pw,refois,e
6,pw,siquet,e
6,pw,samait,e
6,pw,mémeme,e
6,pw,tremça,e
6,pw,masade,e
6,pw,aclube,e
6,pw,chluis,e
6,pw,pefois,e
6,pw,obtais,e
6,pw,dourut,e
6,pw,puches,e
6,pw,fiques,e
6,pw,alvale,e
6,pw,aclute,e
6,pw,oibles,e
6,pw,albrée,e
6,pw,sotant,e
6,pw,resace,e
6,pw,aidios,e
6,pw,vovans,e
6,pw,sapove,e
6,pw,lutsel,e
6,pw,oitaté,e
6,pw,amulit,e
6,pw,oplies,e
6,pw,bioche,e
6,pw,épéche,e
6,pw,creuvé,e
6,pw,scrors,e
6,pw,pasame,e
6,pw,oition,e
6,pw,chluée,e
6,pw,éniger,e
6,pw,amutes,e
6,pw,oinfre,e
6,pw,sicava,e
6,pw,fleuge,e
6,pw,prorez,e
6,pw,insmes,e
6,pw,éferlu,e
6,pw,setéte,e
6,pw,dastre,e
6,pw,pavige,e
6,pw,dasion,e
6,pw,maîdra,e
6,pw,asoçai,e
6,pw,abfois,e
6,pw,samete,e
6,pw,éblite,e
6,pw,desant,e
6,pw,reviar,e
6,pw,trôces,e
6,pw,veuple,e
6,pw,noples,e
6,pw,labuts,e
6,pw,bienla,e
6,pw,pasome,e
6,pw,aplard,e
6,pw,martié,e
6,pw,asonte,e
6,pw,frorse,e
6,pw,lylors,e
6,pw,aplété,e
6,pw,apline,e
6,pw,fapure,e
6,pw,gesthe,e
6,pw,austié,e
6,pw,areuge,e
6,pw,samris,e
6,pw,peaume,e
6,pw,survés,e
6,pw,albîré,e
6,pw,épéves,e
6,pw,sotire,e
6,pw,qeuple,e
